transaction_id,Dist,payment_t,count_dev_is_shop,basket,product_type,Customer_id,Day_of_week,Fraudulent_trans
transaction_0,105.92695341353333,0.0,0.0,46.39032032172511,0,customer_448,5,0.0
transaction_1,185.25671110083357,1.0,0.0,60.70121108275108,1,customer_183,0,0.0
transaction_2,71.72582541917456,0.0,1.0,79.60286893108048,0,customer_261,2,0.0
transaction_3,15.2326663699088,1.0,0.0,58.81595256269645,2,customer_413,6,0.0
transaction_4,37.66045469446813,1.0,0.0,107.88481357127135,2,customer_507,0,0.0
transaction_5,0.0,1.0,0.0,54.14982788238086,2,customer_216,3,0.0
transaction_6,0.0,0.0,0.0,65.84720854629163,1,customer_293,6,0.0
transaction_7,35.10283627848262,1.0,0.0,75.68708855457584,2,customer_500,4,0.0
transaction_8,91.50986191028791,0.0,0.0,57.42139631699439,1,customer_230,4,0.0
transaction_9,0.0,1.0,0.0,55.98931848549727,1,customer_517,3,0.0
transaction_10,212.78564116517043,0.0,0.0,65.09621522225719,2,customer_414,4,0.0
transaction_11,0.0,1.0,0.0,29.963458734322693,2,customer_165,6,0.0
transaction_12,45.055878930095204,1.0,0.0,55.04983937675309,0,customer_202,1,0.0
transaction_13,77.2470999658781,1.0,1.0,148.63389527136627,0,customer_511,0,1.0
transaction_14,55.028473957470055,0.0,0.0,181.1181767032542,1,customer_522,6,0.0
transaction_15,0.0,0.0,0.0,122.8907000056793,2,customer_15,1,0.0
transaction_16,77.83950809230446,1.0,1.0,149.1699862437962,0,customer_2,1,1.0
transaction_17,0.0,1.0,0.0,73.40407111964558,2,customer_348,6,0.0
transaction_18,0.0,1.0,0.0,104.14382817248175,2,customer_178,2,0.0
transaction_19,0.0,0.0,0.0,64.75587039561043,0,customer_186,3,0.0
transaction_20,93.71462206957595,1.0,0.0,215.7440291225846,0,customer_370,0,0.0
transaction_21,0.0,0.0,0.0,116.66656693755236,2,customer_201,1,0.0
transaction_22,0.0,1.0,0.0,182.56741901178043,1,customer_457,6,0.0
transaction_23,0.0,1.0,0.0,87.60095212883178,1,customer_319,0,0.0
transaction_24,0.0,1.0,0.0,37.51136152443263,2,customer_421,6,1.0
transaction_25,133.25279484561793,1.0,0.0,40.866559477974974,2,customer_90,5,0.0
transaction_26,0.0,1.0,0.0,38.90661211181136,2,customer_302,0,0.0
transaction_27,0.0,1.0,0.0,41.17588362304579,0,customer_407,5,0.0
transaction_28,0.0,1.0,0.0,34.82844334055547,2,customer_74,6,0.0
transaction_29,0.0,0.0,0.0,199.23284755429955,1,customer_257,6,0.0
transaction_30,14.657558294779388,1.0,0.0,47.31484092084857,2,customer_425,6,0.0
transaction_31,0.0,1.0,0.0,114.0372510761752,1,customer_183,5,0.0
transaction_32,0.0,0.0,0.0,93.27235606918764,0,customer_429,6,0.0
transaction_33,15.2326663699088,0.0,0.0,114.73615489786923,1,customer_530,3,0.0
transaction_34,37.66045469446813,1.0,0.0,41.16389392697143,1,customer_150,0,0.0
transaction_35,0.0,0.0,0.0,78.79122596833304,0,customer_416,1,0.0
transaction_36,0.0,0.0,0.0,74.32015256032555,0,customer_73,0,0.0
transaction_37,53.50581714665075,1.0,0.0,45.480292263477956,1,customer_546,4,0.0
transaction_38,0.0,0.0,0.0,90.07320444466427,2,customer_414,3,0.0
transaction_39,84.48062012861061,1.0,0.0,78.863298567996,0,customer_440,0,0.0
transaction_40,0.0,0.0,0.0,178.85087188697497,1,customer_155,1,0.0
transaction_41,278.6655150390059,1.0,0.0,60.49805276559878,1,customer_200,0,0.0
transaction_42,0.0,1.0,0.0,58.64563864341509,0,customer_153,5,0.0
transaction_43,0.0,0.0,0.0,140.73812698090404,1,customer_324,2,0.0
transaction_44,50.71573962263493,1.0,1.0,127.0372714231644,0,customer_87,0,0.0
transaction_45,55.612013059908726,0.0,0.0,72.31279293982922,0,customer_426,4,0.0
transaction_46,292.9835214751158,1.0,1.0,318.9000585459924,0,customer_81,1,1.0
transaction_47,0.0,0.0,0.0,46.34731535169651,1,customer_304,1,1.0
transaction_48,44.644259174582196,1.0,0.0,32.00565418696752,0,customer_381,6,0.0
transaction_49,9.770871421239804,0.0,0.0,110.75203729309602,2,customer_289,5,0.0
transaction_50,149.7888022403147,1.0,1.0,195.59954490217905,2,customer_189,6,1.0
transaction_51,0.0,1.0,0.0,112.6686905838712,0,customer_264,3,0.0
transaction_52,17.093442872296677,0.0,0.0,87.3974637108908,2,customer_313,6,0.0
transaction_53,0.0,1.0,0.0,64.82288766277438,2,customer_487,3,0.0
transaction_54,114.07364459825982,1.0,0.0,54.52558179779025,0,customer_217,6,0.0
transaction_55,174.5716278721048,1.0,1.0,214.68497065494785,2,customer_125,5,1.0
transaction_56,70.4362941824585,1.0,0.0,258.82327894774835,2,customer_115,6,0.0
transaction_57,0.0,0.0,0.0,59.322061686335914,2,customer_462,4,0.0
transaction_58,326.25846992060843,1.0,1.0,325.76836557952765,0,customer_236,5,1.0
transaction_59,77.2470999658781,0.0,0.0,40.29675495010493,1,customer_239,2,1.0
transaction_60,11.408250224044965,0.0,0.0,111.72918795664567,0,customer_168,0,0.0
transaction_61,57.264814249027786,1.0,1.0,135.96564355693687,2,customer_344,0,0.0
transaction_62,29.53575454107526,0.0,0.0,87.40388173055217,0,customer_248,6,0.0
transaction_63,80.97732569266375,1.0,0.0,188.2944242052015,2,customer_162,0,1.0
transaction_64,178.9960961432114,1.0,1.0,218.98587411213066,1,customer_265,2,1.0
transaction_65,20.509202656507668,0.0,0.0,91.01040277254528,2,customer_199,3,0.0
transaction_66,0.0,1.0,0.0,205.1803716661128,1,customer_535,2,0.0
transaction_67,130.51106770238337,1.0,1.0,179.86708710767326,0,customer_131,1,1.0
transaction_68,1.3657793310736122,0.0,0.0,104.59694425046428,2,customer_78,0,0.0
transaction_69,0.0,1.0,0.0,40.58312928249561,2,customer_264,2,0.0
transaction_70,0.0,1.0,0.0,48.71678166727212,1,customer_230,6,1.0
transaction_71,0.0,1.0,0.0,35.7734256187296,0,customer_127,3,0.0
transaction_72,0.0,0.0,0.0,25.169428707092692,2,customer_383,0,0.0
transaction_73,64.55115436976983,1.0,0.0,53.91522599952718,2,customer_294,6,0.0
transaction_74,71.5037927789941,1.0,1.0,144.96538008823947,1,customer_80,2,1.0
transaction_75,12.846638229695978,0.0,0.0,27.264218101183296,2,customer_489,1,0.0
transaction_76,0.0,1.0,0.0,130.91657122159432,0,customer_76,1,0.0
transaction_77,83.86840852516917,1.0,0.0,191.37395267311365,2,customer_64,3,0.0
transaction_78,30.9937970802027,1.0,0.0,444.4874069519879,2,customer_334,0,0.0
transaction_79,0.0,1.0,0.0,120.09210923110412,0,customer_373,1,0.0
transaction_80,0.0,0.0,0.0,90.18950748892678,2,customer_220,3,0.0
transaction_81,0.0,0.0,0.0,41.14305484962736,2,customer_221,5,0.0
transaction_82,0.0,1.0,0.0,203.74512159281423,1,customer_279,6,0.0
transaction_83,0.0,0.0,0.0,257.6155201223836,2,customer_467,2,0.0
transaction_84,0.0,0.0,0.0,168.03952200058973,0,customer_59,2,0.0
transaction_85,0.0,0.0,0.0,68.89958608043315,1,customer_98,0,0.0
transaction_86,0.0,1.0,0.0,1406.0044649285255,1,customer_435,0,0.0
transaction_87,140.5313556456326,1.0,1.0,189.96747516933146,2,customer_445,0,1.0
transaction_88,0.0,1.0,0.0,54.0483918655609,2,customer_140,5,0.0
transaction_89,99.84560145856742,1.0,0.0,57.59626730550724,1,customer_107,0,0.0
transaction_90,0.0,0.0,0.0,84.08549065588863,1,customer_507,0,0.0
transaction_91,131.4418745315925,1.0,1.0,182.79901687881852,1,customer_59,4,1.0
transaction_92,0.0,0.0,0.0,97.97571374928219,0,customer_127,5,0.0
transaction_93,543.1519023858318,1.0,1.0,548.2167225529644,1,customer_234,0,1.0
transaction_94,507.1465721282002,0.0,0.0,58.37270768566456,1,customer_395,6,0.0
transaction_95,35.688752709501735,1.0,0.0,95.50974051505258,2,customer_86,6,0.0
transaction_96,0.0,0.0,0.0,29.692795805158564,2,customer_170,0,0.0
transaction_97,35.225884286417156,0.0,0.0,121.68529475447635,2,customer_159,5,0.0
transaction_98,19.97200346842861,0.0,0.0,51.512324286544114,1,customer_189,4,0.0
transaction_99,15.2326663699088,1.0,0.0,64.70906074937787,1,customer_19,2,0.0
transaction_100,0.0,1.0,0.0,34.48129121814693,2,customer_439,6,0.0
transaction_101,53.5300765520492,0.0,0.0,185.77778758807716,1,customer_347,3,0.0
transaction_102,275.1593392267867,0.0,0.0,119.95598437722862,2,customer_538,0,0.0
transaction_103,126.9243659565903,0.0,0.0,107.55855587698932,0,customer_497,0,0.0
transaction_104,31.051696117753004,0.0,0.0,119.7276729070165,0,customer_168,5,0.0
transaction_105,248.8671233288355,1.0,0.0,29.392070211895586,2,customer_481,0,1.0
transaction_106,28.32479655027551,0.0,0.0,30.52966978958453,1,customer_213,5,0.0
transaction_107,0.0,1.0,0.0,140.82459329502376,1,customer_263,5,0.0
transaction_108,24.763184646776313,1.0,0.0,77.09064544457019,2,customer_291,0,0.0
transaction_109,185.25671110083357,1.0,0.0,66.98420104926791,2,customer_132,5,0.0
transaction_110,35.688752709501735,1.0,0.0,52.766792327903495,0,customer_322,0,0.0
transaction_111,48.99060083431153,1.0,0.0,103.04097850980601,0,customer_320,6,0.0
transaction_112,115.82154080729342,1.0,0.0,133.47769459073595,2,customer_20,1,0.0
transaction_113,0.0,1.0,0.0,252.75663460231567,0,customer_437,0,0.0
transaction_114,45.087641298179996,1.0,0.0,30.926641974844514,2,customer_507,0,0.0
transaction_115,0.0,1.0,0.0,42.06818915937228,1,customer_274,1,0.0
transaction_116,0.0,1.0,0.0,74.32637259133327,0,customer_321,6,0.0
transaction_117,32.698737880242945,0.0,0.0,120.20807841887714,0,customer_512,5,0.0
transaction_118,252.94605682439,1.0,1.0,255.42934176715886,1,customer_303,4,1.0
transaction_119,0.0,1.0,0.0,272.24570891697454,1,customer_479,6,0.0
transaction_120,0.0,1.0,0.0,130.7946800103627,1,customer_207,1,0.0
transaction_121,0.0,1.0,0.0,191.84494881757274,1,customer_1,1,0.0
transaction_122,256.6337826697782,0.0,0.0,52.57458518010123,0,customer_80,5,0.0
transaction_123,31.83452103441036,0.0,0.0,120.14997142560304,1,customer_542,4,0.0
transaction_124,0.0,1.0,0.0,159.13389019753782,2,customer_505,1,0.0
transaction_125,16.2990392510758,1.0,0.0,111.43577217368366,1,customer_67,6,0.0
transaction_126,0.0,0.0,0.0,71.76011664747566,2,customer_257,6,0.0
transaction_127,0.0,1.0,0.0,31.05648736784596,1,customer_519,6,0.0
transaction_128,0.0,0.0,0.0,181.11280178118005,2,customer_333,0,0.0
transaction_129,213.43590763727929,1.0,0.0,55.88320912756084,2,customer_335,4,1.0
transaction_130,43.4740191174787,1.0,0.0,57.46175338998491,1,customer_221,1,0.0
transaction_131,0.0,0.0,0.0,87.2352118574174,2,customer_65,3,0.0
transaction_132,114.82140644199733,1.0,1.0,174.19735015933708,2,customer_218,0,1.0
transaction_133,0.0,0.0,0.0,93.53757711904292,0,customer_188,5,0.0
transaction_134,0.0,1.0,0.0,95.72300920280675,2,customer_96,0,0.0
transaction_135,63.98782557189951,0.0,0.0,49.3956408140665,2,customer_503,0,0.0
transaction_136,116.2567072528623,1.0,0.0,221.74510921850916,2,customer_56,1,0.0
transaction_137,0.0,1.0,0.0,81.04955231491698,1,customer_241,6,0.0
transaction_138,0.0,0.0,0.0,60.64082633935288,2,customer_2,3,0.0
transaction_139,359.120018982946,1.0,1.0,339.75845837348487,1,customer_23,0,0.0
transaction_140,71.5037927789941,1.0,0.0,844.5738575228643,0,customer_318,2,0.0
transaction_141,53.857538885553105,1.0,0.0,76.28760884809677,2,customer_4,0,0.0
transaction_142,0.0,1.0,0.0,36.73475360394708,2,customer_40,0,0.0
transaction_143,0.0,0.0,0.0,34.357413636995716,2,customer_138,4,0.0
transaction_144,0.0,1.0,0.0,68.1039715387204,2,customer_274,0,0.0
transaction_145,84.73438886332316,0.0,0.0,148.91815710956536,2,customer_30,0,0.0
transaction_146,0.0,0.0,0.0,29.20064091390799,2,customer_437,0,0.0
transaction_147,0.0,1.0,0.0,63.24440662408542,1,customer_333,2,0.0
transaction_148,114.07364459825982,1.0,1.0,172.3961345962441,1,customer_27,0,1.0
transaction_149,356.256117759718,0.0,0.0,108.79530706454665,2,customer_164,0,0.0
transaction_150,0.0,1.0,0.0,87.27631925776191,2,customer_6,1,0.0
transaction_151,71.72582541917456,1.0,0.0,151.50168997702482,1,customer_149,2,0.0
transaction_152,96.94171945836952,1.0,0.0,334.8346999904592,0,customer_441,1,0.0
transaction_153,0.0,1.0,0.0,53.846657552768136,2,customer_102,3,0.0
transaction_154,64.55115436976983,0.0,0.0,41.50062373688486,1,customer_62,3,0.0
transaction_155,0.0,0.0,0.0,76.8192298983716,2,customer_186,4,0.0
transaction_156,0.0,1.0,1.0,50.41367988051789,1,customer_512,0,0.0
transaction_157,0.0,1.0,0.0,99.36720648166396,0,customer_424,0,0.0
transaction_158,0.0,1.0,0.0,132.74467964438205,1,customer_27,6,0.0
transaction_159,0.0,1.0,0.0,222.48967491925015,0,customer_545,6,0.0
transaction_160,19.97200346842861,0.0,0.0,115.90788761556837,1,customer_424,6,0.0
transaction_161,49.325568890021074,1.0,0.0,63.37785824745179,2,customer_109,6,0.0
transaction_162,43.38681061355634,1.0,0.0,222.32380550972553,1,customer_482,6,0.0
transaction_163,34.50994203280757,0.0,0.0,48.48770289371099,2,customer_460,1,0.0
transaction_164,0.0,1.0,0.0,57.727678524232054,0,customer_101,6,0.0
transaction_165,8.258339829923809,0.0,0.0,110.34795430466924,1,customer_402,2,0.0
transaction_166,0.0,0.0,0.0,72.24455249228478,0,customer_324,0,0.0
transaction_167,104.95297348501236,1.0,0.0,41.45059146514955,2,customer_195,4,0.0
transaction_168,0.0,1.0,0.0,203.2451058695304,1,customer_505,0,0.0
transaction_169,7.602848466825325,1.0,0.0,83.66355314967298,0,customer_317,6,0.0
transaction_170,0.0,0.0,0.0,69.77279516640084,2,customer_84,0,0.0
transaction_171,6.240044564530503,0.0,0.0,70.85372874250231,0,customer_70,5,0.0
transaction_172,108.87141644369743,0.0,0.0,79.63308800369198,2,customer_120,0,0.0
transaction_173,64.79031791494896,1.0,0.0,64.83467848160873,2,customer_189,4,0.0
transaction_174,27.152828386819234,0.0,0.0,36.673084341691414,0,customer_208,5,0.0
transaction_175,271.9466823907011,1.0,0.0,42.73226564143112,2,customer_305,6,0.0
transaction_176,170.68461253087517,1.0,0.0,65.46426323074903,2,customer_16,0,0.0
transaction_177,392.2068091030363,1.0,0.0,71.78702257831796,2,customer_494,0,0.0
transaction_178,1.3657793310736122,1.0,0.0,56.69415848412298,1,customer_377,6,0.0
transaction_179,0.0,0.0,0.0,40.24440671295443,0,customer_518,3,0.0
transaction_180,103.5938126366879,1.0,0.0,59.244052091042526,0,customer_258,4,1.0
transaction_181,0.0,1.0,0.0,42.35978287383752,2,customer_2,6,0.0
transaction_182,0.0,0.0,0.0,67.51084182160054,0,customer_29,6,0.0
transaction_183,0.0,1.0,0.0,35.79773457753889,2,customer_227,2,0.0
transaction_184,0.0,1.0,0.0,41.963018163145804,0,customer_419,6,0.0
transaction_185,0.0,1.0,0.0,70.21867844948355,1,customer_314,5,0.0
transaction_186,201.16206470834834,0.0,0.0,124.88941122630689,2,customer_362,3,0.0
transaction_187,0.0,0.0,0.0,78.26404670882974,2,customer_352,4,0.0
transaction_188,84.73438886332316,0.0,0.0,92.08147145511973,1,customer_416,1,0.0
transaction_189,49.06427840179969,1.0,0.0,53.68470921343013,2,customer_227,0,0.0
transaction_190,0.0,0.0,0.0,173.81261701746826,1,customer_27,3,0.0
transaction_191,0.0,1.0,0.0,174.24214861658038,0,customer_221,0,0.0
transaction_192,53.857538885553105,0.0,0.0,54.929096388004886,2,customer_122,0,0.0
transaction_193,161.1360863864323,1.0,0.0,142.8821245282751,2,customer_450,4,0.0
transaction_194,0.0,1.0,0.0,227.3435149266241,1,customer_96,0,0.0
transaction_195,0.0,0.0,0.0,66.03527283990779,0,customer_166,1,0.0
transaction_196,0.0,1.0,0.0,36.49663916528564,2,customer_341,0,0.0
transaction_197,0.0,0.0,1.0,39.25421033500369,1,customer_510,0,0.0
transaction_198,0.0,1.0,0.0,94.66761868355367,2,customer_121,6,0.0
transaction_199,126.9243659565903,0.0,0.0,39.34269702908596,2,customer_381,0,0.0
transaction_200,92.94362684206878,1.0,1.0,163.25216637863505,1,customer_437,1,1.0
transaction_201,85.21928855819691,1.0,0.0,81.75100656098316,1,customer_317,0,0.0
transaction_202,84.49573867359764,1.0,0.0,67.43705903885981,2,customer_376,0,0.0
transaction_203,0.0,1.0,0.0,43.648436554964704,0,customer_72,1,0.0
transaction_204,70.00338884581207,1.0,0.0,28.736702708611503,2,customer_360,5,0.0
transaction_205,0.0,1.0,0.0,55.45845934339326,2,customer_65,6,0.0
transaction_206,0.0,1.0,0.0,72.19749572928177,1,customer_468,0,1.0
transaction_207,0.0,1.0,0.0,41.93322143676369,2,customer_43,0,0.0
transaction_208,0.0,1.0,0.0,99.88678425486214,0,customer_357,5,0.0
transaction_209,87.01474759918885,1.0,1.0,157.67739641528536,2,customer_179,0,1.0
transaction_210,27.809133451025126,0.0,0.0,71.49344177890103,2,customer_77,2,0.0
transaction_211,286.08022619896053,1.0,1.0,305.6811842713329,2,customer_359,0,1.0
transaction_212,0.0,1.0,0.0,64.81244252858428,0,customer_89,0,0.0
transaction_213,144.80335780888745,0.0,0.0,195.03020489241428,0,customer_487,5,0.0
transaction_214,0.0,0.0,0.0,27.668712850213296,0,customer_18,1,0.0
transaction_215,49.325568890021074,0.0,0.0,96.7590415968441,1,customer_506,0,0.0
transaction_216,341.7425304989848,0.0,0.0,59.277038987167494,2,customer_390,0,0.0
transaction_217,0.0,0.0,0.0,140.57441766344226,1,customer_312,0,1.0
transaction_218,33.69102756324236,0.0,0.0,121.13687609715623,0,customer_289,4,0.0
transaction_219,0.3098980970125701,0.0,0.0,144.2949830088576,0,customer_282,0,0.0
transaction_220,0.0,0.0,0.0,28.022130125147463,2,customer_235,0,0.0
transaction_221,86.79766188618672,1.0,1.0,155.4204356150038,0,customer_261,6,0.0
transaction_222,0.0,0.0,0.0,64.16998995702949,2,customer_53,5,0.0
transaction_223,0.0,1.0,0.0,26.635987049923322,1,customer_489,2,1.0
transaction_224,0.0,0.0,0.0,63.06737482188166,2,customer_107,0,0.0
transaction_225,275.1593392267867,1.0,0.0,160.43332735430383,2,customer_62,0,0.0
transaction_226,0.0,0.0,0.0,101.83775677563425,1,customer_223,0,0.0
transaction_227,0.0,1.0,0.0,78.25019037091465,0,customer_118,3,1.0
transaction_228,0.0,0.0,0.0,30.396029745602924,2,customer_539,0,0.0
transaction_229,0.0,0.0,0.0,109.69378294579639,1,customer_84,3,0.0
transaction_230,0.0,0.0,0.0,58.56283210320398,0,customer_426,5,0.0
transaction_231,92.94362684206878,1.0,1.0,162.42072742088357,1,customer_536,2,1.0
transaction_232,0.0,1.0,0.0,225.59215177837493,1,customer_15,4,0.0
transaction_233,0.0,0.0,1.0,52.297439786908136,0,customer_180,3,0.0
transaction_234,0.0,1.0,0.0,29.705655430491596,1,customer_38,5,0.0
transaction_235,44.133906603093266,0.0,0.0,124.73689647753376,1,customer_1,3,0.0
transaction_236,0.0,0.0,0.0,26.518404609784838,1,customer_498,2,1.0
transaction_237,0.0,1.0,0.0,28.565917391676482,2,customer_43,0,1.0
transaction_238,0.0,1.0,0.0,49.19967706058316,0,customer_132,0,0.0
transaction_239,39.64927130939155,0.0,0.0,243.49748271145836,0,customer_541,4,0.0
transaction_240,0.0,1.0,0.0,181.5640287941086,1,customer_505,5,0.0
transaction_241,0.0,0.0,0.0,167.44143976417035,0,customer_472,5,0.0
transaction_242,0.0,1.0,0.0,110.66218782993657,2,customer_177,0,0.0
transaction_243,52.389507512715284,1.0,0.0,34.66220495697809,0,customer_83,6,0.0
transaction_244,0.0,1.0,0.0,137.7676517471922,2,customer_219,6,1.0
transaction_245,197.2871731501218,1.0,1.0,241.90952626920452,2,customer_425,2,1.0
transaction_246,0.0,0.0,0.0,56.14722085539925,1,customer_363,0,0.0
transaction_247,0.0,0.0,0.0,88.44369025764678,1,customer_128,0,0.0
transaction_248,0.0,1.0,0.0,35.84018141169736,1,customer_470,0,0.0
transaction_249,99.84560145856742,1.0,1.0,52.13926107795881,1,customer_208,0,0.0
transaction_250,10.528742166093908,0.0,0.0,69.07769737634305,1,customer_401,2,0.0
transaction_251,35.225884286417156,1.0,0.0,45.15867132914404,1,customer_317,1,0.0
transaction_252,136.19847097366312,1.0,1.0,188.12422938361766,2,customer_515,0,1.0
transaction_253,161.1360863864323,0.0,0.0,30.54651710318111,0,customer_399,6,0.0
transaction_254,0.0,0.0,0.0,49.46411219665778,1,customer_165,0,0.0
transaction_255,131.4418745315925,0.0,0.0,41.567100696804914,2,customer_388,5,0.0
transaction_256,24.147082451968245,1.0,0.0,193.6078758699684,1,customer_207,1,0.0
transaction_257,0.0,1.0,0.0,206.33172035635565,0,customer_373,5,0.0
transaction_258,0.0,1.0,0.0,36.481097341483874,0,customer_497,6,0.0
transaction_259,92.66932020354801,1.0,0.0,115.89062200482014,2,customer_179,0,0.0
transaction_260,0.0,1.0,0.0,119.69349632138703,0,customer_493,5,0.0
transaction_261,0.0,0.0,0.0,203.7269145399687,1,customer_365,4,0.0
transaction_262,0.0,0.0,0.0,622.0609551588823,1,customer_458,0,0.0
transaction_263,0.0,0.0,0.0,88.39061657299624,1,customer_137,6,0.0
transaction_264,23.111316526981316,0.0,0.0,106.41017276746607,2,customer_412,0,0.0
transaction_265,0.0,1.0,0.0,220.69531788431098,1,customer_154,6,0.0
transaction_266,0.0,1.0,0.0,376.63002236147884,0,customer_398,1,0.0
transaction_267,0.0,0.0,0.0,35.01476863652779,0,customer_476,2,0.0
transaction_268,35.21526125756221,0.0,0.0,121.19065249060553,0,customer_167,0,0.0
transaction_269,0.0,0.0,0.0,56.376710481905924,2,customer_505,4,0.0
transaction_270,252.94605682439,1.0,1.0,266.90069604576775,2,customer_210,3,1.0
transaction_271,120.75920496686594,1.0,0.0,154.81552357541395,0,customer_403,0,0.0
transaction_272,0.0,1.0,0.0,356.13974489375687,2,customer_76,2,0.0
transaction_273,0.0,1.0,0.0,119.07108460575972,1,customer_295,6,0.0
transaction_274,0.0,0.0,0.0,48.31756591360811,0,customer_28,2,0.0
transaction_275,15.444508589678177,1.0,0.0,53.67280564294648,2,customer_297,0,0.0
transaction_276,0.0,0.0,0.0,53.908917403961965,1,customer_353,4,0.0
transaction_277,88.28620269331117,1.0,0.0,51.56364033788395,2,customer_516,4,0.0
transaction_278,0.0,0.0,0.0,55.32179152417994,1,customer_181,5,0.0
transaction_279,0.0,0.0,0.0,81.07384938761737,2,customer_284,6,0.0
transaction_280,3.9009467552222037,1.0,0.0,40.7071851532646,0,customer_296,0,0.0
transaction_281,27.535576917843052,0.0,0.0,118.49431242226689,1,customer_2,0,0.0
transaction_282,0.0,1.0,0.0,135.64531654466646,2,customer_271,6,1.0
transaction_283,68.38159911671535,1.0,0.0,56.23993756537549,1,customer_231,5,0.0
transaction_284,0.0,1.0,0.0,109.92453959735076,0,customer_130,2,0.0
transaction_285,186.15212243184897,1.0,0.0,75.70561935274341,1,customer_147,0,0.0
transaction_286,55.7164598229989,1.0,1.0,129.96464761823233,2,customer_60,2,0.0
transaction_287,133.2411402298791,0.0,0.0,69.2841361299262,0,customer_501,3,0.0
transaction_288,0.0,0.0,0.0,117.56357665086134,1,customer_296,6,0.0
transaction_289,25.496919251108686,0.0,0.0,65.42046697650233,2,customer_116,3,0.0
transaction_290,0.0,1.0,1.0,50.23474840455422,1,customer_290,3,0.0
transaction_291,0.0,1.0,0.0,109.53449777783528,2,customer_20,6,0.0
transaction_292,93.92521432435437,1.0,0.0,182.20191385005003,1,customer_159,6,0.0
transaction_293,0.0,0.0,0.0,66.97006526005705,1,customer_161,6,0.0
transaction_294,10.670444214856596,0.0,0.0,35.54093642876405,2,customer_17,2,0.0
transaction_295,0.0,1.0,0.0,107.43454868894676,1,customer_505,6,0.0
transaction_296,0.0,1.0,0.0,205.8006477424449,0,customer_182,6,0.0
transaction_297,0.0,1.0,0.0,94.25545629386733,0,customer_318,1,0.0
transaction_298,0.0,1.0,0.0,33.1748706697789,1,customer_229,1,0.0
transaction_299,23.87006193311074,0.0,0.0,116.01938228484377,2,customer_25,0,0.0
transaction_300,65.5446254823838,0.0,0.0,41.16545589966057,1,customer_412,0,1.0
transaction_301,0.0,1.0,0.0,69.45940685018762,0,customer_294,4,0.0
transaction_302,0.0,1.0,0.0,72.5218028489592,2,customer_289,3,0.0
transaction_303,0.0,1.0,0.0,202.16511655917404,2,customer_415,0,0.0
transaction_304,0.0,1.0,0.0,44.02743695485162,1,customer_395,6,0.0
transaction_305,0.0,0.0,0.0,125.87829755231478,1,customer_290,6,0.0
transaction_306,102.60756102421212,1.0,1.0,167.09405588225562,1,customer_107,1,1.0
transaction_307,1.280355456403535,1.0,0.0,161.82810875461877,1,customer_192,6,0.0
transaction_308,0.0,1.0,1.0,94.81248203680718,2,customer_476,5,0.0
transaction_309,25.058635239694286,0.0,0.0,116.96944232655434,1,customer_449,0,0.0
transaction_310,0.0,1.0,0.0,41.72716850242976,0,customer_487,6,0.0
transaction_311,0.0,1.0,0.0,43.51023745462551,2,customer_464,1,0.0
transaction_312,57.25344621703543,1.0,0.0,58.3987564162137,2,customer_442,3,0.0
transaction_313,1.8969168434203088,0.0,0.0,105.28985517344252,0,customer_83,1,0.0
transaction_314,63.98782557189951,1.0,1.0,137.93134593760374,0,customer_412,3,0.0
transaction_315,175.16918642993136,1.0,1.0,215.36065692318522,1,customer_105,4,1.0
transaction_316,50.57790400299802,1.0,1.0,126.66645352738287,1,customer_117,2,0.0
transaction_317,237.4543388553621,0.0,0.0,63.92069396948702,0,customer_41,6,0.0
transaction_318,0.0,1.0,0.0,37.942613181114226,1,customer_35,1,0.0
transaction_319,47.270471655934486,1.0,0.0,167.08781344154914,2,customer_23,3,0.0
transaction_320,0.0,1.0,0.0,89.84110662823835,2,customer_192,3,0.0
transaction_321,0.0,1.0,0.0,44.87146158574495,2,customer_307,6,0.0
transaction_322,9.770871421239804,1.0,0.0,139.5763441106318,2,customer_380,6,0.0
transaction_323,0.0,0.0,0.0,86.63436424152515,0,customer_476,0,0.0
transaction_324,52.23346539662324,1.0,0.0,103.62589294372742,1,customer_105,4,0.0
transaction_325,29.432962873927078,1.0,0.0,60.729758976114084,0,customer_43,3,0.0
transaction_326,0.0,1.0,0.0,43.41041614403838,0,customer_382,1,0.0
transaction_327,82.1208322638738,1.0,0.0,141.51939310862622,0,customer_81,0,0.0
transaction_328,45.697398797370504,1.0,1.0,125.67625735541017,0,customer_314,0,0.0
transaction_329,134.19715346113608,1.0,0.0,78.13414561822354,2,customer_509,2,0.0
transaction_330,0.0,0.0,0.0,66.46859545686158,1,customer_213,3,0.0
transaction_331,538.9140301177869,1.0,1.0,472.8340875596807,2,customer_369,6,1.0
transaction_332,0.0,1.0,0.0,37.5601189447364,2,customer_214,3,0.0
transaction_333,0.0,1.0,0.0,34.301045718016574,1,customer_303,0,0.0
transaction_334,48.30150696042816,1.0,0.0,56.48992657542041,1,customer_324,0,0.0
transaction_335,0.0,0.0,0.0,65.1936419851842,0,customer_322,2,0.0
transaction_336,0.0,1.0,0.0,61.90975471271863,2,customer_1,6,0.0
transaction_337,6.847761018638661,1.0,0.0,43.489047782892605,0,customer_65,6,0.0
transaction_338,91.50986191028791,1.0,1.0,160.8973379083793,1,customer_371,1,1.0
transaction_339,0.0,0.0,0.0,123.75071329754671,1,customer_449,0,0.0
transaction_340,0.0,0.0,0.0,159.1936021166171,2,customer_458,0,0.0
transaction_341,292.50214275197976,1.0,1.0,317.06158212568175,2,customer_333,0,1.0
transaction_342,54.77288594207889,1.0,1.0,129.48036909273168,1,customer_379,2,0.0
transaction_343,23.114340955365538,0.0,0.0,86.174557639026,1,customer_536,0,0.0
transaction_344,0.0,0.0,0.0,37.997802621102224,2,customer_531,4,0.0
transaction_345,0.0,1.0,1.0,55.29251253818064,1,customer_392,0,0.0
transaction_346,0.0,0.0,0.0,60.33375991014859,1,customer_20,2,0.0
transaction_347,0.0,0.0,0.0,59.760174142191914,0,customer_192,0,0.0
transaction_348,71.03502856162336,0.0,0.0,327.66722622819566,2,customer_21,0,0.0
transaction_349,0.0,1.0,0.0,44.49175236780012,1,customer_540,6,0.0
transaction_350,0.0,1.0,0.0,42.17957938501044,0,customer_239,3,0.0
transaction_351,0.0,0.0,0.0,128.52673818026383,2,customer_447,6,0.0
transaction_352,114.82140644199733,1.0,1.0,172.74222353474747,0,customer_435,1,1.0
transaction_353,184.50205260945594,0.0,0.0,152.93951030414374,0,customer_40,6,0.0
transaction_354,21.782963628331867,1.0,0.0,151.31578919185185,1,customer_374,0,0.0
transaction_355,77.2470999658781,1.0,0.0,72.26887794894921,1,customer_186,6,0.0
transaction_356,0.0,1.0,0.0,34.302544845310535,1,customer_427,6,0.0
transaction_357,57.264814249027786,1.0,1.0,42.34745462421907,0,customer_426,0,0.0
transaction_358,0.0,1.0,0.0,59.07548805664027,2,customer_431,0,0.0
transaction_359,0.0,0.0,0.0,80.92368810000067,1,customer_57,2,0.0
transaction_360,125.28781645812623,1.0,1.0,175.1212611693271,2,customer_318,1,1.0
transaction_361,27.953564351380738,1.0,0.0,65.31756924350819,0,customer_8,1,0.0
transaction_362,0.30372513317683636,1.0,0.0,52.50593038274512,0,customer_77,2,0.0
transaction_363,0.0,1.0,0.0,37.69781225063353,0,customer_181,3,0.0
transaction_364,47.270471655934486,1.0,0.0,98.12992560634157,2,customer_252,2,0.0
transaction_365,156.10730953642903,0.0,0.0,54.01323460241706,1,customer_57,3,1.0
transaction_366,0.0,1.0,0.0,129.25601055524305,0,customer_139,0,0.0
transaction_367,426.7237924521268,1.0,1.0,434.9532907279779,0,customer_459,2,1.0
transaction_368,0.0,1.0,0.0,108.28160703337693,0,customer_356,0,0.0
transaction_369,0.0,0.0,0.0,59.68398783689326,2,customer_157,3,0.0
transaction_370,23.025670966506837,1.0,0.0,138.5376822432195,2,customer_339,0,0.0
transaction_371,0.0,1.0,0.0,53.351468223337896,2,customer_460,4,0.0
transaction_372,15.578000811520445,0.0,0.0,34.1656129403593,2,customer_177,3,0.0
transaction_373,0.0,0.0,0.0,48.788538935453644,0,customer_47,6,0.0
transaction_374,84.63033782676439,1.0,0.0,121.42985421177208,0,customer_213,4,0.0
transaction_375,0.0,0.0,0.0,65.03561254313678,0,customer_150,3,0.0
transaction_376,100.70628518389486,0.0,0.0,229.46367221708715,2,customer_453,2,0.0
transaction_377,0.0,1.0,0.0,202.27168257635154,1,customer_214,0,0.0
transaction_378,0.0,1.0,0.0,43.27690062896227,1,customer_129,4,0.0
transaction_379,165.49824214796777,1.0,1.0,203.99618511999518,0,customer_501,1,0.0
transaction_380,0.0,1.0,0.0,63.54262264688555,2,customer_106,0,0.0
transaction_381,43.49377230062256,1.0,0.0,42.51359870272161,1,customer_21,0,0.0
transaction_382,126.9243659565903,1.0,0.0,75.53544845091997,2,customer_287,2,0.0
transaction_383,0.0,0.0,0.0,71.24057474487134,0,customer_461,0,1.0
transaction_384,0.0,0.0,0.0,51.23206767426794,0,customer_274,5,0.0
transaction_385,0.0,0.0,0.0,153.14834810456483,2,customer_349,0,1.0
transaction_386,0.0,0.0,0.0,39.01687185738518,2,customer_524,0,0.0
transaction_387,0.0,0.0,0.0,45.245405039614,2,customer_358,0,0.0
transaction_388,76.41993770412947,1.0,0.0,56.78969636883869,1,customer_240,0,0.0
transaction_389,0.0,1.0,0.0,61.759556212837104,2,customer_446,6,0.0
transaction_390,52.22810682484445,0.0,0.0,227.31542088299406,0,customer_261,0,0.0
transaction_391,5.09279300979195,0.0,0.0,137.92359235532086,1,customer_517,6,0.0
transaction_392,114.46504446644244,1.0,0.0,49.74808050611968,1,customer_288,6,0.0
transaction_393,0.0,1.0,1.0,170.22950256615707,0,customer_273,6,0.0
transaction_394,96.01109458461038,1.0,0.0,97.74625447760573,2,customer_144,3,0.0
transaction_395,0.0,1.0,0.0,46.011427106274844,2,customer_154,3,0.0
transaction_396,55.028473957470055,1.0,1.0,129.80011059345134,0,customer_466,2,0.0
transaction_397,0.0,0.0,0.0,27.4468555998627,1,customer_341,2,0.0
transaction_398,50.063189053264644,0.0,0.0,95.17148661675719,1,customer_381,3,0.0
transaction_399,186.15212243184897,1.0,1.0,220.41368589542898,0,customer_547,1,1.0
transaction_400,42.046373269101025,0.0,0.0,123.8579591010853,2,customer_241,0,0.0
transaction_401,0.0,1.0,0.0,91.29399036686695,2,customer_430,0,0.0
transaction_402,0.0,1.0,0.0,55.39371952027974,0,customer_235,3,0.0
transaction_403,0.0,1.0,0.0,117.56588736880039,1,customer_328,5,1.0
transaction_404,23.114340955365538,0.0,0.0,143.7848350562441,2,customer_370,4,0.0
transaction_405,0.0,0.0,0.0,57.36617112128546,0,customer_236,4,0.0
transaction_406,71.72582541917456,1.0,1.0,145.3572853410117,0,customer_536,1,0.0
transaction_407,79.3338716023968,1.0,0.0,38.49637001634683,2,customer_443,0,0.0
transaction_408,50.88514528159237,1.0,0.0,120.51212104455036,1,customer_63,0,0.0
transaction_409,82.5435688073218,1.0,0.0,103.49598650062029,0,customer_159,6,0.0
transaction_410,160.29725287330868,1.0,0.0,65.34396202128274,2,customer_49,0,0.0
transaction_411,0.0,1.0,0.0,45.870475592582096,1,customer_86,0,0.0
transaction_412,0.0,0.0,0.0,51.10565018944726,2,customer_21,0,0.0
transaction_413,0.0,1.0,0.0,40.81892248337388,1,customer_9,0,0.0
transaction_414,0.0,1.0,0.0,89.02130932808832,1,customer_541,6,0.0
transaction_415,0.0,1.0,0.0,89.08825546230605,0,customer_215,2,0.0
transaction_416,192.74320042027068,1.0,0.0,555.6212044090607,2,customer_332,0,0.0
transaction_417,0.0,0.0,0.0,48.251814873736635,0,customer_516,1,0.0
transaction_418,92.7984950221426,1.0,1.0,162.2500218202693,0,customer_31,4,1.0
transaction_419,27.953564351380738,1.0,0.0,182.7819334861231,1,customer_393,0,0.0
transaction_420,0.0,0.0,0.0,195.91028310966962,1,customer_509,5,0.0
transaction_421,44.2658245871116,1.0,1.0,125.54317481541068,0,customer_44,6,0.0
transaction_422,8.258339829923809,1.0,0.0,70.33876173228737,1,customer_198,2,0.0
transaction_423,99.31506517260884,1.0,0.0,91.90152513070555,0,customer_346,4,1.0
transaction_424,25.38794669948598,1.0,0.0,364.0764255205661,2,customer_99,6,0.0
transaction_425,0.0,0.0,0.0,44.348586993291974,1,customer_143,3,0.0
transaction_426,0.0,0.0,0.0,59.91515044867417,0,customer_497,6,0.0
transaction_427,0.0,0.0,0.0,500.1536758427605,0,customer_178,4,0.0
transaction_428,137.42268278053567,0.0,0.0,43.33070702017612,1,customer_135,5,0.0
transaction_429,0.0,1.0,0.0,253.21336352828075,0,customer_313,0,0.0
transaction_430,0.0,1.0,0.0,71.53825878925844,2,customer_231,0,0.0
transaction_431,0.0,1.0,0.0,92.28182614420884,2,customer_124,6,0.0
transaction_432,0.0,1.0,0.0,185.12174204342494,1,customer_228,6,0.0
transaction_433,0.0,1.0,0.0,217.10993768964997,1,customer_462,5,0.0
transaction_434,0.0,1.0,0.0,47.43659292743091,0,customer_413,0,0.0
transaction_435,0.0,1.0,0.0,169.71073101940195,0,customer_352,0,0.0
transaction_436,0.0,1.0,0.0,73.8130268666113,0,customer_114,1,0.0
transaction_437,161.1360863864323,0.0,0.0,78.74851001127746,0,customer_518,3,0.0
transaction_438,0.0,0.0,0.0,77.00197788996175,0,customer_352,4,0.0
transaction_439,16.001774083964634,0.0,0.0,108.83949635481235,2,customer_429,3,0.0
transaction_440,0.0,1.0,0.0,174.43606034488357,2,customer_307,6,0.0
transaction_441,0.0,0.0,0.0,41.224100648892076,2,customer_129,3,0.0
transaction_442,277.596291552335,0.0,0.0,80.08258010010249,1,customer_295,3,0.0
transaction_443,0.0,0.0,0.0,24.022646354027156,2,customer_470,0,0.0
transaction_444,507.1465721282002,1.0,0.0,91.82964983561672,0,customer_155,1,1.0
transaction_445,44.133906603093266,1.0,0.0,42.16343765589261,1,customer_107,0,0.0
transaction_446,1.8969168434203088,1.0,0.0,124.53372856859973,0,customer_453,4,0.0
transaction_447,0.0,0.0,0.0,31.963347461185258,0,customer_220,0,1.0
transaction_448,118.89319187684654,1.0,0.0,98.63343632122832,1,customer_75,6,0.0
transaction_449,200.31968868030822,1.0,1.0,245.32599385767546,0,customer_74,0,1.0
transaction_450,153.38941522992027,1.0,0.0,216.13808534082477,1,customer_205,4,0.0
transaction_451,37.33933729934286,1.0,0.0,107.01119635885402,2,customer_367,5,0.0
transaction_452,57.25344621703543,1.0,1.0,133.82938127507617,1,customer_154,2,0.0
transaction_453,111.08464155610191,1.0,0.0,65.37532975055521,2,customer_85,3,0.0
transaction_454,0.0,0.0,0.0,216.24437544860908,1,customer_414,0,0.0
transaction_455,221.05781350391717,0.0,0.0,35.58477404071679,0,customer_170,0,1.0
transaction_456,24.763184646776313,1.0,1.0,60.34496799991303,1,customer_93,2,0.0
transaction_457,0.0,1.0,0.0,309.0469632772824,0,customer_93,5,1.0
transaction_458,126.9243659565903,1.0,1.0,177.2194490043313,1,customer_107,0,1.0
transaction_459,53.5300765520492,1.0,0.0,70.65343283503815,0,customer_414,0,0.0
transaction_460,75.24547366577524,0.0,0.0,74.59748213617416,0,customer_441,6,0.0
transaction_461,0.0,1.0,0.0,77.2516580286698,0,customer_343,5,0.0
transaction_462,22.514010268112767,0.0,0.0,95.08952617856094,0,customer_536,3,1.0
transaction_463,35.688752709501735,1.0,0.0,95.96480097772982,2,customer_270,6,1.0
transaction_464,0.0,1.0,1.0,178.24816792120063,0,customer_284,6,0.0
transaction_465,15.579826847513512,0.0,0.0,334.83100558604394,0,customer_440,5,0.0
transaction_466,0.0,0.0,0.0,179.622752241443,1,customer_436,0,1.0
transaction_467,0.0,1.0,0.0,48.695102514555465,1,customer_164,0,0.0
transaction_468,15.578000811520445,1.0,0.0,29.02019724186545,2,customer_123,0,0.0
transaction_469,0.0,0.0,0.0,162.44976460475146,2,customer_437,1,0.0
transaction_470,0.3098980970125701,0.0,0.0,36.96993576150078,2,customer_30,3,0.0
transaction_471,85.34352151741976,1.0,0.0,102.63147902520507,0,customer_135,6,0.0
transaction_472,76.41993770412947,1.0,1.0,148.4824496818231,1,customer_518,0,1.0
transaction_473,29.53575454107526,0.0,0.0,54.86775862832317,2,customer_471,3,0.0
transaction_474,0.0,0.0,0.0,72.07577715749412,0,customer_456,0,0.0
transaction_475,0.0,0.0,0.0,30.50236980352136,1,customer_70,0,0.0
transaction_476,16.977591753056714,1.0,0.0,74.8020464644529,2,customer_452,3,0.0
transaction_477,0.0,0.0,0.0,116.43293821334186,0,customer_451,0,0.0
transaction_478,0.0,1.0,0.0,110.11288350481836,2,customer_376,0,0.0
transaction_479,0.0,0.0,0.0,111.51748752247491,0,customer_50,1,0.0
transaction_480,56.15387946803235,1.0,1.0,130.12794823190706,1,customer_44,1,0.0
transaction_481,170.68461253087517,1.0,1.0,209.82251720992178,1,customer_219,5,1.0
transaction_482,0.0,0.0,0.0,237.8146387293517,1,customer_476,6,0.0
transaction_483,0.0,1.0,0.0,39.39226298316605,0,customer_180,3,0.0
transaction_484,0.0,1.0,0.0,34.2167534863188,0,customer_233,5,0.0
transaction_485,0.0,1.0,0.0,39.57285743605971,2,customer_208,3,0.0
transaction_486,86.79766188618672,0.0,0.0,46.88896144254096,0,customer_7,0,0.0
transaction_487,25.944903114505696,0.0,0.0,117.73460406038944,0,customer_524,1,0.0
transaction_488,24.147082451968245,1.0,0.0,115.03940823978986,2,customer_469,5,0.0
transaction_489,0.0,1.0,0.0,113.94613815040978,0,customer_77,6,0.0
transaction_490,0.0,1.0,0.0,79.81168538118101,1,customer_10,0,0.0
transaction_491,0.0,0.0,1.0,24.820839163186193,1,customer_2,1,1.0
transaction_492,0.0,1.0,0.0,57.29906852546636,0,customer_245,3,0.0
transaction_493,0.0,1.0,0.0,86.99979608247226,0,customer_151,5,0.0
transaction_494,48.70393655735923,0.0,0.0,36.35168763150365,1,customer_433,0,0.0
transaction_495,115.82154080729342,1.0,0.0,152.7068138597728,1,customer_467,5,0.0
transaction_496,3.9009467552222037,1.0,0.0,37.13850220050658,1,customer_162,1,0.0
transaction_497,192.1247317819509,1.0,0.0,59.20696436667983,0,customer_81,1,0.0
transaction_498,0.0,1.0,0.0,78.50258186485874,1,customer_420,2,0.0
transaction_499,48.623735640081314,0.0,0.0,33.2580869982281,0,customer_168,0,0.0
transaction_500,0.0,1.0,0.0,98.74527280439393,0,customer_481,1,0.0
transaction_501,33.108360698604066,1.0,0.0,26.07488762463168,2,customer_430,5,0.0
transaction_502,353.70466177988027,1.0,0.0,32.91301765198189,0,customer_214,6,0.0
transaction_503,254.7416330522812,1.0,0.0,196.60157463430588,1,customer_266,0,0.0
transaction_504,0.0,0.0,0.0,75.51301576949649,1,customer_345,0,0.0
transaction_505,27.152828386819234,1.0,0.0,52.04849374771985,1,customer_138,3,0.0
transaction_506,53.5300765520492,0.0,0.0,113.91752196114815,1,customer_404,1,0.0
transaction_507,0.0,1.0,0.0,78.2032993872672,0,customer_94,6,0.0
transaction_508,33.72150584141964,0.0,0.0,217.34443341778848,1,customer_251,0,0.0
transaction_509,13.23993559127922,0.0,0.0,93.69613792423058,1,customer_328,0,0.0
transaction_510,0.0,0.0,0.0,32.516351487171804,0,customer_153,1,0.0
transaction_511,248.8671233288355,1.0,1.0,44.42463370483642,0,customer_345,0,0.0
transaction_512,3.9009467552222037,0.0,0.0,179.80183811096595,1,customer_97,0,0.0
transaction_513,5.09279300979195,0.0,0.0,183.00269230775,1,customer_213,2,0.0
transaction_514,0.0,0.0,0.0,115.30607912606904,2,customer_84,1,0.0
transaction_515,55.612013059908726,0.0,0.0,147.54191605542576,1,customer_268,2,0.0
transaction_516,0.0,0.0,0.0,155.58159787671406,2,customer_111,2,0.0
transaction_517,0.0,1.0,0.0,92.48722624261065,1,customer_274,0,0.0
transaction_518,0.0,0.0,0.0,68.65605431323112,2,customer_433,6,0.0
transaction_519,119.0548240860179,1.0,0.0,28.75786358399626,2,customer_95,4,0.0
transaction_520,0.0,0.0,0.0,58.91753976883503,2,customer_14,1,0.0
transaction_521,0.0,0.0,0.0,65.07036309135684,0,customer_136,5,0.0
transaction_522,136.19847097366312,0.0,0.0,63.04864180561062,1,customer_415,0,0.0
transaction_523,0.0,1.0,0.0,78.5718070123246,1,customer_14,3,0.0
transaction_524,0.0,1.0,0.0,47.73277919580664,1,customer_521,6,0.0
transaction_525,67.02366405741469,1.0,1.0,141.25791974623718,0,customer_164,0,1.0
transaction_526,0.0,0.0,0.0,48.95442291213821,1,customer_302,3,0.0
transaction_527,0.0,1.0,0.0,83.10182514620178,1,customer_294,1,0.0
transaction_528,0.0,1.0,0.0,102.94059018812537,1,customer_407,0,0.0
transaction_529,0.0,0.0,0.0,87.66890353512711,1,customer_226,4,0.0
transaction_530,0.0,1.0,0.0,139.19995149322907,0,customer_525,0,0.0
transaction_531,0.0,0.0,0.0,41.86760620080919,1,customer_69,6,0.0
transaction_532,32.33481205341284,0.0,0.0,102.12321267628907,1,customer_140,5,1.0
transaction_533,59.954538551939606,1.0,0.0,65.77272443436483,0,customer_133,0,0.0
transaction_534,92.66932020354801,0.0,0.0,44.39454451076005,2,customer_388,4,0.0
transaction_535,12.878865694211292,0.0,0.0,69.67984657295476,0,customer_285,3,0.0
transaction_536,33.69102756324236,0.0,0.0,120.99176450954023,1,customer_240,0,0.0
transaction_537,0.0,1.0,0.0,35.256775820654994,1,customer_187,3,0.0
transaction_538,43.4740191174787,0.0,0.0,141.66044640270823,1,customer_357,2,0.0
transaction_539,0.0,0.0,0.0,56.50576583385167,1,customer_343,5,0.0
transaction_540,0.0,0.0,0.0,46.59854732799573,1,customer_232,2,0.0
transaction_541,0.0,1.0,0.0,91.66195323031869,2,customer_442,2,0.0
transaction_542,0.0,1.0,0.0,63.9676774132082,0,customer_447,0,0.0
transaction_543,0.0,1.0,0.0,208.2248197690264,0,customer_472,4,0.0
transaction_544,131.4418745315925,0.0,0.0,43.3460369759653,2,customer_439,0,0.0
transaction_545,0.0,0.0,0.0,144.00931615372824,2,customer_34,4,0.0
transaction_546,0.0,1.0,0.0,53.96473739433859,1,customer_89,1,0.0
transaction_547,1.8969168434203088,0.0,0.0,106.56750213851203,0,customer_425,3,0.0
transaction_548,0.0,1.0,0.0,112.09663234913894,1,customer_108,6,0.0
transaction_549,0.0,0.0,0.0,114.7874192918643,2,customer_247,6,0.0
transaction_550,0.0,0.0,0.0,58.52980240179122,2,customer_46,0,0.0
transaction_551,93.78999921221636,1.0,0.0,43.59572650765984,1,customer_61,1,0.0
transaction_552,0.0,0.0,0.0,58.08193521525089,0,customer_528,1,0.0
transaction_553,0.0,1.0,0.0,37.46123555378568,2,customer_216,6,0.0
transaction_554,0.0,0.0,0.0,158.90898373580472,0,customer_506,1,0.0
transaction_555,0.0,0.0,0.0,30.150076177074684,0,customer_494,0,0.0
transaction_556,0.0,0.0,0.0,46.69540622341427,0,customer_278,0,0.0
transaction_557,100.17517286763227,1.0,1.0,166.48811928014413,1,customer_200,5,1.0
transaction_558,0.0,0.0,0.0,82.92021841766365,0,customer_16,3,0.0
transaction_559,78.90525114291894,0.0,0.0,59.663334255012956,2,customer_214,3,0.0
transaction_560,95.5699045044149,1.0,1.0,165.53807402463184,1,customer_388,0,1.0
transaction_561,0.0,1.0,1.0,28.04148024611807,0,customer_534,1,0.0
transaction_562,174.5716278721048,1.0,0.0,278.1852839195532,1,customer_32,5,0.0
transaction_563,68.87158583959406,0.0,0.0,104.9321765194756,1,customer_185,0,0.0
transaction_564,0.0,1.0,0.0,52.287412974435114,1,customer_449,2,0.0
transaction_565,115.20288118856608,1.0,0.0,51.407940275077834,1,customer_284,0,0.0
transaction_566,0.0,0.0,0.0,49.48111702512562,2,customer_258,3,0.0
transaction_567,0.0,1.0,1.0,66.575311592067,1,customer_149,0,0.0
transaction_568,121.71405297794222,0.0,0.0,79.62657174195459,1,customer_170,5,0.0
transaction_569,87.80795370521808,0.0,0.0,168.3524201563372,2,customer_318,2,0.0
transaction_570,0.0,1.0,0.0,36.30761215810538,2,customer_167,5,0.0
transaction_571,85.21928855819691,1.0,1.0,153.51248395663302,0,customer_49,6,1.0
transaction_572,77.82599833773219,1.0,1.0,148.91113913751403,2,customer_84,6,1.0
transaction_573,0.0,0.0,0.0,214.33206430897565,1,customer_111,3,0.0
transaction_574,0.0,1.0,0.0,27.27528857032498,2,customer_66,5,0.0
transaction_575,0.0,0.0,0.0,75.10517703510429,1,customer_475,6,0.0
transaction_576,51.405668984629884,0.0,0.0,35.032616450261855,0,customer_326,6,0.0
transaction_577,0.0,0.0,0.0,52.20345341600803,0,customer_463,2,0.0
transaction_578,41.859255001194654,1.0,0.0,76.10961205736118,0,customer_362,5,0.0
transaction_579,37.65465884688007,0.0,0.0,122.52857883079474,2,customer_150,5,0.0
transaction_580,25.031575295735053,0.0,0.0,116.95585597446122,0,customer_216,0,0.0
transaction_581,132.30735778785495,1.0,0.0,44.82706304879585,1,customer_365,0,0.0
transaction_582,1.8969168434203088,0.0,0.0,42.88332390366581,1,customer_447,6,0.0
transaction_583,99.84560145856742,1.0,0.0,32.801260048147284,0,customer_303,0,1.0
transaction_584,27.535576917843052,0.0,0.0,117.91670659767095,2,customer_267,6,0.0
transaction_585,0.0,0.0,0.0,89.18442959995627,0,customer_546,6,0.0
transaction_586,0.0,0.0,0.0,216.38509175930236,0,customer_194,6,0.0
transaction_587,185.25671110083357,1.0,1.0,220.2670678907623,1,customer_310,3,1.0
transaction_588,0.0,1.0,0.0,252.58943424113045,1,customer_142,0,0.0
transaction_589,25.38794669948598,0.0,0.0,89.9720221680238,1,customer_317,0,0.0
transaction_590,0.0,1.0,0.0,83.56645211676373,1,customer_474,0,0.0
transaction_591,0.0,1.0,0.0,90.02358284299217,2,customer_432,0,0.0
transaction_592,15.983256766956139,1.0,0.0,174.72658447163948,2,customer_363,0,0.0
transaction_593,0.0,1.0,0.0,26.387035200286462,1,customer_390,6,0.0
transaction_594,41.699400328692796,0.0,0.0,123.52863608745997,1,customer_214,3,0.0
transaction_595,0.0,0.0,0.0,55.2606228995902,0,customer_159,0,0.0
transaction_596,0.0,1.0,0.0,268.68339839699223,0,customer_433,0,0.0
transaction_597,12.805826616182186,0.0,0.0,62.1925277253601,1,customer_363,2,0.0
transaction_598,175.16918642993136,1.0,0.0,45.816686328605286,0,customer_156,0,0.0
transaction_599,154.85622949592505,1.0,0.0,60.82971804617452,0,customer_524,0,0.0
transaction_600,0.0,1.0,0.0,42.574147609043266,1,customer_319,6,1.0
transaction_601,0.0,1.0,0.0,62.88331034223019,0,customer_78,6,0.0
transaction_602,49.325568890021074,1.0,0.0,51.89731871246339,1,customer_50,5,0.0
transaction_603,0.0,1.0,0.0,48.86548299117713,1,customer_33,0,0.0
transaction_604,27.13956203929588,0.0,0.0,310.37149252109515,0,customer_262,5,0.0
transaction_605,0.0,1.0,0.0,25.040843590674708,2,customer_544,5,0.0
transaction_606,64.79031791494896,1.0,1.0,138.06252178249986,0,customer_483,5,0.0
transaction_607,92.66932020354801,1.0,1.0,161.040284113221,0,customer_196,0,1.0
transaction_608,0.0,1.0,0.0,51.027505777969516,0,customer_234,0,0.0
transaction_609,0.0,0.0,0.0,28.286020323835963,1,customer_263,6,0.0
transaction_610,0.0,1.0,0.0,99.80094892801928,2,customer_398,4,0.0
transaction_611,0.0,1.0,0.0,51.857611248808894,0,customer_410,3,0.0
transaction_612,0.0,0.0,0.0,100.54731177855852,0,customer_159,0,0.0
transaction_613,125.28781645812623,0.0,0.0,27.08025787915014,0,customer_295,0,0.0
transaction_614,0.0,1.0,0.0,73.72456240335605,2,customer_348,0,0.0
transaction_615,0.0,1.0,0.0,60.39959736009228,0,customer_476,5,0.0
transaction_616,37.33933729934286,1.0,0.0,123.12365155862541,0,customer_275,3,0.0
transaction_617,95.5699045044149,1.0,0.0,39.67475638504354,2,customer_353,5,0.0
transaction_618,0.0,0.0,0.0,474.46493270485007,2,customer_142,4,0.0
transaction_619,0.0,1.0,0.0,66.81333265587733,0,customer_54,0,0.0
transaction_620,26.212300796367387,1.0,0.0,33.286186330470734,1,customer_190,6,0.0
transaction_621,392.2068091030363,1.0,1.0,366.4026142665488,0,customer_312,4,1.0
transaction_622,0.0,1.0,0.0,72.23283346975643,0,customer_431,4,0.0
transaction_623,0.0,0.0,0.0,112.69707981972365,1,customer_354,2,0.0
transaction_624,0.0,1.0,0.0,36.09931099205592,1,customer_94,6,0.0
transaction_625,0.0,0.0,0.0,40.34517984540406,2,customer_117,3,0.0
transaction_626,0.0,1.0,0.0,32.85937086832391,2,customer_96,6,0.0
transaction_627,11.953151792508653,0.0,0.0,112.17749026282004,2,customer_213,6,0.0
transaction_628,87.44767675785695,0.0,0.0,27.591348946297874,1,customer_224,6,0.0
transaction_629,21.602778104768774,1.0,0.0,73.49536728968839,1,customer_133,6,0.0
transaction_630,0.0,0.0,0.0,84.92718074233069,2,customer_427,2,0.0
transaction_631,0.0,0.0,0.0,72.21108344231732,2,customer_260,0,0.0
transaction_632,51.34620530159496,0.0,0.0,46.1519472167605,2,customer_24,4,0.0
transaction_633,21.602778104768774,1.0,0.0,66.58056084870819,2,customer_134,1,0.0
transaction_634,113.5298090247951,1.0,1.0,172.11897937994905,2,customer_430,4,1.0
transaction_635,0.0,0.0,0.0,169.00630349932015,1,customer_508,0,1.0
transaction_636,118.89319187684654,0.0,0.0,108.9495548414309,0,customer_231,6,0.0
transaction_637,107.33822603424284,1.0,0.0,403.09477703698354,1,customer_210,0,0.0
transaction_638,0.0,0.0,0.0,89.34932304037406,0,customer_253,0,0.0
transaction_639,114.07364459825982,0.0,0.0,38.11596983707547,2,customer_213,0,0.0
transaction_640,33.108360698604066,1.0,0.0,66.04865507278615,0,customer_102,5,0.0
transaction_641,87.44767675785695,1.0,1.0,158.677720424576,1,customer_148,2,1.0
transaction_642,0.0,1.0,0.0,51.9865054152534,2,customer_126,6,0.0
transaction_643,7.602848466825325,1.0,0.0,294.7774971230596,0,customer_87,2,0.0
transaction_644,0.0,1.0,0.0,29.445511019079106,0,customer_447,4,1.0
transaction_645,104.95297348501236,0.0,0.0,75.62906948392396,0,customer_119,0,0.0
transaction_646,0.0,0.0,0.0,186.12794637862785,2,customer_16,5,0.0
transaction_647,0.0,1.0,0.0,122.48650262592251,2,customer_29,6,0.0
transaction_648,42.86296348937421,1.0,0.0,166.33989206253378,1,customer_35,0,0.0
transaction_649,265.30906803429514,1.0,1.0,290.64882327859607,2,customer_40,0,1.0
transaction_650,0.0,1.0,0.0,78.56853784716091,1,customer_323,6,0.0
transaction_651,0.0,1.0,0.0,215.36323828250497,1,customer_103,6,0.0
transaction_652,31.28371088385572,0.0,0.0,119.86422842956641,0,customer_103,1,0.0
transaction_653,254.7416330522812,1.0,0.0,203.5434141088012,1,customer_489,4,0.0
transaction_654,45.087641298179996,1.0,0.0,158.4552328795313,2,customer_273,4,0.0
transaction_655,8.072757049935738,0.0,0.0,109.27095813654702,0,customer_513,6,0.0
transaction_656,175.16918642993136,1.0,0.0,39.53895468740343,0,customer_299,0,0.0
transaction_657,0.0,1.0,0.0,179.30644542216143,0,customer_418,0,0.0
transaction_658,0.0,0.0,0.0,98.94748681772349,0,customer_139,0,0.0
transaction_659,0.0,0.0,0.0,91.18807257385647,0,customer_26,6,0.0
transaction_660,10.09379562165492,1.0,0.0,54.537104862065426,2,customer_252,0,0.0
transaction_661,148.04451967588656,1.0,0.0,43.38758928557028,0,customer_512,6,0.0
transaction_662,0.0,0.0,0.0,165.01539078701444,0,customer_116,2,0.0
transaction_663,0.0,1.0,0.0,59.49724024348486,0,customer_402,0,0.0
transaction_664,0.0,1.0,0.0,86.34501313563642,1,customer_415,4,1.0
transaction_665,0.0,1.0,0.0,99.33114323811245,0,customer_228,0,0.0
transaction_666,12.846638229695978,0.0,0.0,113.39960470920653,2,customer_282,6,0.0
transaction_667,51.20308534312935,1.0,0.0,34.6837851610849,1,customer_243,2,0.0
transaction_668,0.0,0.0,0.0,177.73934954171585,1,customer_299,6,1.0
transaction_669,0.0,0.0,0.0,45.97014143450265,1,customer_451,5,0.0
transaction_670,134.71686246407856,1.0,0.0,73.65556625592663,2,customer_359,1,0.0
transaction_671,23.114340955365538,1.0,0.0,100.96858901932738,0,customer_219,4,0.0
transaction_672,0.0,1.0,0.0,98.98593198973968,0,customer_126,0,0.0
transaction_673,50.063189053264644,0.0,0.0,54.98554827657708,2,customer_295,3,1.0
transaction_674,8.258339829923809,0.0,0.0,109.29124681364259,1,customer_198,2,0.0
transaction_675,161.0088917539293,1.0,1.0,199.63089716371707,2,customer_46,3,1.0
transaction_676,0.0,0.0,0.0,121.11359756175717,1,customer_299,5,0.0
transaction_677,0.0,0.0,0.0,79.69851762327457,0,customer_138,0,0.0
transaction_678,76.52426381875702,1.0,1.0,148.51831107958003,0,customer_526,4,1.0
transaction_679,67.78237748536714,0.0,0.0,49.12788858239211,1,customer_250,3,0.0
transaction_680,173.3292621044233,1.0,1.0,213.61789134021004,0,customer_264,0,1.0
transaction_681,49.02640795072486,1.0,0.0,35.560471433632145,0,customer_182,1,0.0
transaction_682,35.21526125756221,0.0,0.0,121.62946876438224,0,customer_314,4,0.0
transaction_683,94.69915677315353,1.0,1.0,164.8129093843009,0,customer_141,0,0.0
transaction_684,27.809133451025126,1.0,0.0,78.07117258739973,1,customer_536,0,0.0
transaction_685,0.0,0.0,0.0,73.53021865356482,1,customer_128,4,1.0
transaction_686,0.0,1.0,0.0,81.89007749378328,1,customer_453,0,0.0
transaction_687,15.593601809903223,1.0,0.0,171.16647384223265,2,customer_467,0,0.0
transaction_688,0.0,1.0,0.0,87.58537321792694,0,customer_400,2,0.0
transaction_689,237.4543388553621,0.0,0.0,43.75497143287981,1,customer_282,6,1.0
transaction_690,0.0,1.0,0.0,85.80017069512468,0,customer_252,6,0.0
transaction_691,0.0,0.0,0.0,64.22004222647035,2,customer_433,6,0.0
transaction_692,187.87112760584154,1.0,1.0,237.35674319219723,2,customer_133,0,1.0
transaction_693,286.08022619896053,1.0,1.0,308.91306713275003,2,customer_135,0,0.0
transaction_694,60.65119221180478,0.0,0.0,48.5668317683321,0,customer_419,0,0.0
transaction_695,254.7416330522812,0.0,1.0,57.780182178244665,0,customer_193,2,0.0
transaction_696,543.1519023858318,1.0,1.0,808.4959805254807,2,customer_475,6,1.0
transaction_697,0.0,1.0,0.0,48.67460861758238,1,customer_96,5,0.0
transaction_698,0.0,0.0,0.0,42.106798940350366,2,customer_124,0,0.0
transaction_699,0.0,1.0,0.0,510.99463803079715,0,customer_153,3,0.0
transaction_700,0.0,0.0,0.0,88.79670972490209,0,customer_368,0,1.0
transaction_701,0.0,1.0,0.0,64.25075041658295,2,customer_407,3,0.0
transaction_702,0.0,0.0,0.0,121.45448796822794,0,customer_71,0,0.0
transaction_703,349.2506531946931,1.0,0.0,29.320615505761683,0,customer_204,0,0.0
transaction_704,11.408250224044965,1.0,0.0,62.7988444657577,2,customer_502,0,0.0
transaction_705,0.0,0.0,0.0,45.132781359082614,0,customer_155,6,0.0
transaction_706,20.541028370348265,0.0,0.0,116.01603146701822,0,customer_219,3,0.0
transaction_707,0.0,1.0,0.0,128.76291411652286,2,customer_326,6,0.0
transaction_708,26.212300796367387,0.0,0.0,269.56061367714284,0,customer_85,0,0.0
transaction_709,5.183365595837639,1.0,0.0,363.448597718868,2,customer_375,6,0.0
transaction_710,70.4362941824585,1.0,1.0,144.05935616227316,1,customer_491,3,0.0
transaction_711,0.0,1.0,0.0,111.69592702505606,2,customer_318,0,0.0
transaction_712,68.87158583959406,0.0,0.0,85.25479189712327,1,customer_494,3,0.0
transaction_713,133.2411402298791,1.0,1.0,183.9589135193782,0,customer_300,0,1.0
transaction_714,126.01306360705196,1.0,0.0,41.8674325397061,1,customer_113,6,0.0
transaction_715,116.04499778229473,0.0,0.0,80.67011921858024,0,customer_12,0,0.0
transaction_716,24.338183148909668,0.0,0.0,69.31015328197192,0,customer_92,0,0.0
transaction_717,67.5368452620522,1.0,0.0,63.306754769712775,1,customer_127,0,0.0
transaction_718,0.0,1.0,0.0,91.42339750812292,2,customer_403,0,0.0
transaction_719,0.0,1.0,0.0,39.05369562667092,2,customer_116,3,0.0
transaction_720,65.5446254823838,1.0,0.0,111.59522371710646,1,customer_546,1,0.0
transaction_721,35.80313895000309,1.0,0.0,127.87133554619648,0,customer_164,4,0.0
transaction_722,72.48438427623834,1.0,1.0,147.80354826943358,0,customer_245,0,1.0
transaction_723,134.19715346113608,0.0,0.0,59.94257637658867,0,customer_429,4,0.0
transaction_724,0.0,1.0,0.0,82.09264417672422,2,customer_166,4,0.0
transaction_725,111.11852360657333,1.0,0.0,89.58591436378993,0,customer_416,6,0.0
transaction_726,0.0,1.0,0.0,69.89234201051286,2,customer_40,0,0.0
transaction_727,108.87141644369743,1.0,1.0,168.28992626606924,1,customer_467,1,1.0
transaction_728,0.0,1.0,0.0,49.14681871474589,1,customer_287,4,0.0
transaction_729,0.0,0.0,0.0,207.22703639859625,1,customer_196,6,0.0
transaction_730,0.0,0.0,0.0,44.405213797479774,1,customer_267,3,0.0
transaction_731,35.80313895000309,1.0,0.0,89.20343454227252,2,customer_217,0,0.0
transaction_732,143.8339519665819,0.0,0.0,31.347049246663047,1,customer_100,2,0.0
transaction_733,0.0,1.0,0.0,120.07147393719586,0,customer_507,0,0.0
transaction_734,0.0,0.0,0.0,61.14015535847659,2,customer_87,6,0.0
transaction_735,45.055878930095204,0.0,0.0,63.079817102266865,1,customer_237,2,1.0
transaction_736,0.0,1.0,0.0,41.256364845382166,0,customer_22,6,0.0
transaction_737,0.0,1.0,0.0,90.43051342667226,1,customer_390,2,0.0
transaction_738,6.851022980377717,0.0,0.0,51.01496277701987,1,customer_436,5,0.0
transaction_739,183.0951614356819,1.0,0.0,169.54811478036618,1,customer_545,4,0.0
transaction_740,0.0,1.0,0.0,58.695552428786414,0,customer_231,4,0.0
transaction_741,0.0,1.0,0.0,38.15546238535218,2,customer_42,1,0.0
transaction_742,99.84560145856742,1.0,1.0,166.3783429984053,0,customer_106,0,1.0
transaction_743,0.0,1.0,0.0,58.1385281999527,2,customer_335,5,0.0
transaction_744,0.0,1.0,0.0,64.92006766570876,0,customer_404,6,0.0
transaction_745,40.79205763387575,0.0,0.0,123.2110531698876,2,customer_93,0,0.0
transaction_746,8.552186754998036,1.0,0.0,97.21139220045247,2,customer_235,1,0.0
transaction_747,0.0,1.0,0.0,129.04946259113103,1,customer_427,5,0.0
transaction_748,0.0,0.0,0.0,89.02094768756199,2,customer_76,4,0.0
transaction_749,0.0,1.0,0.0,108.25451853121803,0,customer_56,1,0.0
transaction_750,54.82392870442743,1.0,0.0,91.94651473238409,0,customer_510,6,0.0
transaction_751,0.0,0.0,0.0,25.128665101399932,1,customer_240,0,0.0
transaction_752,21.782963628331867,1.0,0.0,57.33325821697868,1,customer_220,0,0.0
transaction_753,0.0,1.0,0.0,65.33977290215559,1,customer_356,6,0.0
transaction_754,25.496919251108686,1.0,0.0,430.0452485007365,1,customer_474,6,0.0
transaction_755,0.0,1.0,0.0,46.122923252294626,2,customer_408,5,0.0
transaction_756,50.88514528159237,0.0,0.0,302.2124204019073,1,customer_308,4,1.0
transaction_757,82.1208322638738,0.0,0.0,58.43148002210519,0,customer_422,0,0.0
transaction_758,0.0,1.0,0.0,40.153043724885215,0,customer_55,1,0.0
transaction_759,4.006745028963169,0.0,0.0,118.10244655493364,2,customer_225,0,0.0
transaction_760,4.006745028963169,1.0,0.0,62.83513386800752,1,customer_450,3,0.0
transaction_761,151.9310056233422,0.0,0.0,130.94057213281167,2,customer_323,3,0.0
transaction_762,57.81985263135368,0.0,0.0,132.24866047230012,0,customer_116,4,0.0
transaction_763,58.7274942151041,1.0,1.0,136.15144951984195,0,customer_456,3,0.0
transaction_764,3.6475247624210616,0.0,0.0,44.30576699707174,1,customer_62,0,0.0
transaction_765,50.063189053264644,0.0,0.0,84.14690611699636,1,customer_238,6,0.0
transaction_766,6.240044564530503,0.0,0.0,108.26441037016343,1,customer_510,5,0.0
transaction_767,125.28781645812623,1.0,0.0,24.74467579535163,2,customer_160,6,0.0
transaction_768,111.08464155610191,1.0,0.0,82.82573264010472,1,customer_329,6,0.0
transaction_769,24.147082451968245,0.0,0.0,116.76974095219504,0,customer_394,4,0.0
transaction_770,170.68461253087517,1.0,0.0,110.49532597491964,2,customer_307,5,0.0
transaction_771,67.02366405741469,1.0,1.0,139.83888005509814,2,customer_48,4,1.0
transaction_772,0.0,1.0,0.0,25.213456774395578,1,customer_389,0,1.0
transaction_773,0.0,1.0,0.0,166.3472025176649,1,customer_25,6,0.0
transaction_774,0.0,1.0,1.0,87.54406386318989,1,customer_122,2,0.0
transaction_775,0.0,1.0,0.0,64.13607671293353,1,customer_176,4,0.0
transaction_776,0.0,1.0,1.0,66.0446258310127,2,customer_149,5,0.0
transaction_777,0.0,0.0,0.0,47.64238248216323,0,customer_123,0,0.0
transaction_778,0.0,1.0,0.0,86.36241758617501,2,customer_355,0,0.0
transaction_779,16.977591753056714,0.0,0.0,114.93525009031407,1,customer_141,3,0.0
transaction_780,0.0,1.0,0.0,31.982232737522146,1,customer_496,0,0.0
transaction_781,0.0,1.0,0.0,41.844288528939416,1,customer_440,5,0.0
transaction_782,326.25846992060843,1.0,1.0,334.20657076803315,1,customer_344,0,1.0
transaction_783,0.0,1.0,0.0,31.30315332261169,2,customer_160,2,0.0
transaction_784,0.0,0.0,0.0,77.42573041715009,1,customer_488,4,0.0
transaction_785,0.0,1.0,0.0,54.451965712846835,0,customer_2,0,0.0
transaction_786,0.0,1.0,0.0,143.92053473970446,2,customer_308,1,0.0
transaction_787,0.0,1.0,0.0,32.48957867080398,2,customer_25,6,0.0
transaction_788,22.269514322791817,1.0,0.0,42.875340214388075,2,customer_162,2,0.0
transaction_789,35.80313895000309,0.0,0.0,122.3001447422922,1,customer_29,4,0.0
transaction_790,0.0,1.0,0.0,145.47798373843943,1,customer_358,2,0.0
transaction_791,75.21350624547742,0.0,0.0,60.4036718578542,0,customer_407,0,0.0
transaction_792,42.86296348937421,0.0,0.0,44.72846544831047,0,customer_93,0,0.0
transaction_793,30.9937970802027,0.0,0.0,77.02690420326687,2,customer_49,1,1.0
transaction_794,0.0,1.0,0.0,40.17781751610471,2,customer_437,6,0.0
transaction_795,75.24547366577524,1.0,1.0,148.47181536895457,1,customer_455,4,1.0
transaction_796,1.280355456403535,0.0,0.0,33.42605518956495,2,customer_89,0,0.0
transaction_797,64.7340876854541,1.0,0.0,439.8972193487828,1,customer_260,6,0.0
transaction_798,18.284885150323653,0.0,0.0,115.06108886853539,1,customer_299,4,0.0
transaction_799,20.541028370348265,1.0,0.0,41.80195185717916,0,customer_478,3,1.0
transaction_800,0.0,1.0,0.0,88.44518266767375,1,customer_157,1,0.0
transaction_801,0.0,0.0,0.0,38.00277389405473,0,customer_396,0,1.0
transaction_802,0.0,0.0,0.0,218.49715127391968,0,customer_132,0,0.0
transaction_803,0.0,0.0,0.0,123.20050188090823,1,customer_91,6,0.0
transaction_804,0.0,0.0,0.0,313.2077944151827,1,customer_371,0,0.0
transaction_805,0.0,0.0,0.0,68.45892778380224,0,customer_238,6,0.0
transaction_806,0.0,1.0,0.0,160.78019807044902,0,customer_359,2,0.0
transaction_807,0.0,1.0,0.0,82.82983701721227,1,customer_454,1,0.0
transaction_808,0.0,1.0,0.0,76.74945983053134,2,customer_525,0,0.0
transaction_809,29.014164052174646,0.0,0.0,35.547245674090924,2,customer_209,0,0.0
transaction_810,0.0,1.0,0.0,75.08673962412789,0,customer_353,6,0.0
transaction_811,0.0,1.0,0.0,266.7996376465929,0,customer_417,0,0.0
transaction_812,145.27936269577648,1.0,1.0,192.84866038168013,1,customer_212,3,1.0
transaction_813,131.4418745315925,0.0,0.0,34.10880559982347,2,customer_317,3,0.0
transaction_814,0.0,0.0,0.0,156.87384537828245,0,customer_445,2,0.0
transaction_815,11.953151792508653,1.0,0.0,61.333610578308836,2,customer_302,3,0.0
transaction_816,18.070155216951346,1.0,0.0,117.28422457845757,2,customer_75,6,0.0
transaction_817,71.03502856162336,1.0,1.0,144.54007402013696,0,customer_55,0,0.0
transaction_818,102.60756102421212,1.0,1.0,166.60255162038283,0,customer_384,1,1.0
transaction_819,0.0,1.0,0.0,42.579650967150975,1,customer_516,4,0.0
transaction_820,87.80795370521808,0.0,0.0,99.0669356710193,1,customer_325,0,0.0
transaction_821,0.0,1.0,0.0,80.08284132954014,1,customer_44,4,0.0
transaction_822,0.0,1.0,0.0,87.09786812992813,1,customer_153,1,0.0
transaction_823,0.0,0.0,0.0,75.13163739417706,0,customer_526,6,0.0
transaction_824,0.0,1.0,0.0,55.31694884333895,1,customer_417,0,0.0
transaction_825,0.0,1.0,0.0,207.59793592416688,2,customer_20,0,0.0
transaction_826,0.0,1.0,0.0,92.90181783222788,2,customer_12,0,0.0
transaction_827,29.53575454107526,0.0,0.0,119.08841183608908,0,customer_189,0,0.0
transaction_828,160.29725287330868,1.0,0.0,113.68069179939505,2,customer_532,0,0.0
transaction_829,27.13956203929588,0.0,0.0,117.89802234709887,0,customer_545,3,0.0
transaction_830,40.28353182279582,0.0,0.0,123.12024669530001,1,customer_298,0,0.0
transaction_831,162.43782314858822,1.0,1.0,203.16958641374524,2,customer_374,6,1.0
transaction_832,0.0,0.0,0.0,191.75845430205098,0,customer_334,2,0.0
transaction_833,0.0,0.0,0.0,35.44861369807498,2,customer_264,3,0.0
transaction_834,70.00338884581207,1.0,1.0,142.0223791644729,2,customer_258,5,0.0
transaction_835,0.0,0.0,0.0,33.70758651520971,1,customer_530,2,0.0
transaction_836,0.0,1.0,0.0,170.03760111997747,1,customer_273,0,0.0
transaction_837,129.77132308958207,0.0,0.0,109.05092676305274,2,customer_351,6,0.0
transaction_838,0.0,1.0,0.0,116.92733641294295,2,customer_323,4,0.0
transaction_839,0.0,0.0,0.0,83.51489484988768,2,customer_248,5,0.0
transaction_840,0.0,1.0,0.0,115.96524387583368,1,customer_220,5,0.0
transaction_841,0.0,0.0,0.0,42.96768030584859,2,customer_209,1,0.0
transaction_842,25.57658105004886,0.0,0.0,117.67078401256731,0,customer_313,0,0.0
transaction_843,0.0,1.0,0.0,40.72725145379883,2,customer_351,0,0.0
transaction_844,1.3657793310736122,1.0,0.0,106.84947469637459,2,customer_68,0,0.0
transaction_845,0.0,1.0,0.0,166.06785237853438,0,customer_134,6,0.0
transaction_846,0.0,1.0,0.0,198.02410966274053,1,customer_212,0,0.0
transaction_847,0.0,1.0,0.0,70.72215241774853,1,customer_119,5,0.0
transaction_848,15.578000811520445,0.0,0.0,99.4694627529185,2,customer_192,6,0.0
transaction_849,46.002928595719105,1.0,1.0,126.02533931566273,1,customer_399,1,1.0
transaction_850,0.0,0.0,0.0,64.90070125817803,2,customer_116,6,0.0
transaction_851,0.0,1.0,0.0,47.86960957129736,2,customer_365,0,0.0
transaction_852,30.9937970802027,1.0,0.0,109.29770633744243,2,customer_165,0,0.0
transaction_853,60.51810542474363,0.0,0.0,34.87753618750938,1,customer_43,6,0.0
transaction_854,10.445759706356426,0.0,0.0,111.45572231476312,2,customer_404,0,0.0
transaction_855,0.0,1.0,0.0,168.71279000853647,0,customer_408,0,0.0
transaction_856,155.27894645141814,1.0,0.0,34.02153338399571,2,customer_320,6,0.0
transaction_857,8.552186754998036,1.0,0.0,107.82970815063597,2,customer_361,0,0.0
transaction_858,0.0,1.0,0.0,77.57021345524537,0,customer_21,4,0.0
transaction_859,0.0,0.0,0.0,47.17610359659102,1,customer_331,0,0.0
transaction_860,0.0,0.0,0.0,147.23647108928284,2,customer_105,6,0.0
transaction_861,0.0,0.0,0.0,115.5221802542972,2,customer_500,0,0.0
transaction_862,0.0,0.0,0.0,70.12257087332353,2,customer_122,0,0.0
transaction_863,51.20308534312935,1.0,1.0,127.79427031190338,1,customer_415,6,0.0
transaction_864,0.0,1.0,0.0,56.577624234432605,0,customer_84,3,0.0
transaction_865,0.0,0.0,0.0,52.48587778592662,2,customer_57,1,0.0
transaction_866,56.588119576070895,1.0,0.0,78.53770558407905,1,customer_514,3,0.0
transaction_867,0.0,1.0,0.0,134.84052185235248,2,customer_376,3,0.0
transaction_868,0.0,1.0,0.0,60.66077316819112,0,customer_350,0,0.0
transaction_869,0.0,0.0,0.0,40.75759211497265,2,customer_9,3,1.0
transaction_870,0.0,1.0,0.0,122.91568641765829,0,customer_437,0,0.0
transaction_871,0.1910048151043088,0.0,0.0,92.61522024549829,1,customer_416,0,0.0
transaction_872,0.0,1.0,0.0,162.1865897749061,1,customer_496,6,0.0
transaction_873,0.0,1.0,0.0,194.18270155725068,1,customer_82,3,0.0
transaction_874,257.8516064758821,1.0,0.0,32.495811607944574,0,customer_146,1,0.0
transaction_875,0.0,0.0,0.0,36.39286658030533,1,customer_526,4,0.0
transaction_876,184.50205260945594,1.0,0.0,93.69577226463319,0,customer_230,0,0.0
transaction_877,108.37377332120526,1.0,1.0,168.11088341878025,1,customer_500,0,1.0
transaction_878,15.444508589678177,1.0,0.0,44.9069103359947,2,customer_374,0,0.0
transaction_879,154.85622949592505,1.0,1.0,197.72888300165664,0,customer_350,0,0.0
transaction_880,0.0,0.0,0.0,126.49074400259009,1,customer_495,6,0.0
transaction_881,0.0,0.0,0.0,52.24178762459405,1,customer_373,5,0.0
transaction_882,107.02688340265125,0.0,0.0,60.0965953638493,0,customer_321,5,0.0
transaction_883,0.0,0.0,0.0,33.71591699295942,1,customer_401,1,0.0
transaction_884,11.313604209545735,1.0,0.0,156.45435024983615,0,customer_279,0,0.0
transaction_885,326.25846992060843,1.0,1.0,326.9843286678407,1,customer_407,0,1.0
transaction_886,43.38681061355634,1.0,0.0,37.37657875847481,1,customer_87,0,0.0
transaction_887,107.33822603424284,1.0,0.0,39.2505364020006,2,customer_491,6,0.0
transaction_888,0.0,1.0,0.0,24.372779140204752,0,customer_100,6,1.0
transaction_889,0.0,1.0,0.0,49.903910266481205,2,customer_384,0,0.0
transaction_890,29.53575454107526,0.0,0.0,39.50950670346889,1,customer_302,0,0.0
transaction_891,24.763184646776313,0.0,0.0,43.821471449863274,0,customer_94,0,0.0
transaction_892,0.0,0.0,0.0,75.64936982198388,2,customer_47,6,0.0
transaction_893,50.88514528159237,0.0,0.0,59.344322211328546,0,customer_419,2,0.0
transaction_894,121.71405297794222,0.0,0.0,106.75737179663606,0,customer_544,4,0.0
transaction_895,0.0,0.0,0.0,107.68376796006528,0,customer_203,6,1.0
transaction_896,0.0,0.0,0.0,61.32761333568879,0,customer_431,0,0.0
transaction_897,0.0,0.0,0.0,49.318332725389524,2,customer_61,5,0.0
transaction_898,0.0,1.0,0.0,26.894558350372982,0,customer_283,6,0.0
transaction_899,0.0,1.0,0.0,218.25128897262147,0,customer_112,0,0.0
transaction_900,72.41508711180484,1.0,1.0,145.97421024595235,2,customer_300,4,1.0
transaction_901,0.0,0.0,0.0,49.11598343839318,0,customer_545,6,1.0
transaction_902,0.0,0.0,0.0,61.765790340842834,2,customer_459,0,0.0
transaction_903,0.0,1.0,0.0,119.14218371617012,0,customer_27,4,0.0
transaction_904,0.0,0.0,0.0,95.28789099249622,0,customer_422,0,0.0
transaction_905,0.0,0.0,0.0,28.639148021502223,0,customer_165,0,0.0
transaction_906,0.0,1.0,0.0,31.137116625311346,0,customer_409,0,0.0
transaction_907,0.0,1.0,0.0,159.59730375420136,0,customer_302,4,0.0
transaction_908,44.133906603093266,0.0,0.0,124.97415357719156,2,customer_481,0,0.0
transaction_909,0.30372513317683636,0.0,0.0,104.2157526337234,2,customer_194,0,0.0
transaction_910,0.0,1.0,0.0,83.68888444150798,0,customer_376,0,1.0
transaction_911,49.031733871723496,1.0,0.0,43.50821096975802,0,customer_6,6,0.0
transaction_912,84.63033782676439,1.0,1.0,149.88136165933975,1,customer_358,6,1.0
transaction_913,507.1465721282002,0.0,0.0,50.23406910267854,1,customer_217,4,0.0
transaction_914,0.0,1.0,0.0,146.8842479725572,2,customer_362,3,0.0
transaction_915,5.09279300979195,1.0,0.0,100.50741594357311,1,customer_156,0,0.0
transaction_916,87.44767675785695,1.0,1.0,158.27655479065743,0,customer_488,0,1.0
transaction_917,125.28781645812623,0.0,0.0,72.52019370750806,1,customer_375,0,0.0
transaction_918,13.23993559127922,0.0,0.0,163.02700641262754,2,customer_159,4,0.0
transaction_919,72.41508711180484,1.0,0.0,45.14715739705855,0,customer_463,6,0.0
transaction_920,21.680640134558825,0.0,0.0,88.57392577191787,2,customer_280,1,0.0
transaction_921,31.725457290842595,1.0,0.0,50.52323817981237,1,customer_213,2,0.0
transaction_922,0.0,0.0,0.0,173.8993753506184,1,customer_253,4,0.0
transaction_923,0.0,1.0,0.0,133.1204123254528,0,customer_507,0,0.0
transaction_924,155.27894645141814,1.0,1.0,198.5174361598522,1,customer_401,2,1.0
transaction_925,0.0,0.0,0.0,92.31349380453948,1,customer_348,2,0.0
transaction_926,0.0,0.0,0.0,65.92646570968431,2,customer_547,3,0.0
transaction_927,0.0,1.0,0.0,54.23830837977512,2,customer_151,6,0.0
transaction_928,0.0,1.0,0.0,62.59769814074972,1,customer_94,3,0.0
transaction_929,0.0,1.0,0.0,285.3778849226087,1,customer_255,1,0.0
transaction_930,151.9310056233422,1.0,0.0,31.40405653719204,1,customer_417,5,0.0
transaction_931,0.0,1.0,0.0,85.62184995899354,0,customer_77,6,0.0
transaction_932,0.0,0.0,0.0,64.78116778472094,1,customer_285,0,0.0
transaction_933,0.0,1.0,0.0,625.2900554793583,1,customer_182,3,0.0
transaction_934,31.28371088385572,0.0,0.0,120.05661355765119,1,customer_115,2,0.0
transaction_935,50.063189053264644,0.0,0.0,158.97930878336058,1,customer_293,2,0.0
transaction_936,0.0,1.0,0.0,47.467859002412176,2,customer_428,5,0.0
transaction_937,58.803663350274086,1.0,0.0,219.84202276198994,2,customer_247,0,0.0
transaction_938,0.0,1.0,0.0,102.94100186528847,1,customer_384,4,0.0
transaction_939,186.15212243184897,1.0,1.0,235.02169414960719,0,customer_245,2,1.0
transaction_940,37.65465884688007,1.0,0.0,57.20748964195412,0,customer_91,5,0.0
transaction_941,71.03365142079383,1.0,0.0,56.84503683761561,2,customer_140,1,0.0
transaction_942,49.06427840179969,1.0,1.0,126.14005833207082,0,customer_180,1,0.0
transaction_943,126.33652961175919,0.0,0.0,42.67718395133347,1,customer_361,2,0.0
transaction_944,0.0,1.0,0.0,162.40477007914507,2,customer_83,1,0.0
transaction_945,116.60070350591742,0.0,0.0,147.89069282797354,1,customer_325,0,0.0
transaction_946,0.0,0.0,0.0,137.89503237713816,0,customer_505,5,0.0
transaction_947,140.16526727106918,1.0,0.0,62.21931559521481,2,customer_106,0,0.0
transaction_948,0.0,0.0,0.0,159.31459862685895,1,customer_176,6,0.0
transaction_949,189.10380885151673,1.0,0.0,206.4218252548995,0,customer_67,4,0.0
transaction_950,0.0,1.0,0.0,57.056626845077176,0,customer_78,6,0.0
transaction_951,52.23346539662324,1.0,0.0,149.7611174125723,1,customer_285,0,0.0
transaction_952,50.71573962263493,1.0,0.0,33.578128676691,1,customer_307,0,0.0
transaction_953,0.0,0.0,0.0,83.64007562477393,2,customer_15,0,0.0
transaction_954,12.878865694211292,1.0,0.0,72.10271493101223,1,customer_489,6,0.0
transaction_955,207.3998931070289,1.0,0.0,71.74322121552117,2,customer_110,5,0.0
transaction_956,108.87141644369743,1.0,1.0,171.88576436994538,1,customer_372,0,0.0
transaction_957,0.0,1.0,0.0,214.91832164865548,2,customer_112,0,0.0
transaction_958,0.0,0.0,0.0,39.55009041100995,0,customer_89,1,0.0
transaction_959,0.0,0.0,0.0,50.91746103325225,2,customer_398,3,0.0
transaction_960,0.0,1.0,0.0,38.89070595176659,1,customer_248,6,0.0
transaction_961,0.0,1.0,0.0,51.09435725670136,1,customer_335,0,0.0
transaction_962,0.0,0.0,0.0,105.85631784039053,0,customer_527,1,0.0
transaction_963,94.69915677315353,1.0,0.0,119.56496994359732,2,customer_24,2,0.0
transaction_964,0.0,1.0,0.0,46.25309794557245,1,customer_321,6,1.0
transaction_965,52.389507512715284,1.0,1.0,128.89158833986815,2,customer_54,4,0.0
transaction_966,0.0,1.0,0.0,40.328908843782024,0,customer_135,1,0.0
transaction_967,0.0,0.0,0.0,200.12757270170886,2,customer_325,0,0.0
transaction_968,0.0,1.0,0.0,136.58099502037493,2,customer_462,4,0.0
transaction_969,3.097604372406111,0.0,0.0,107.52344463818342,2,customer_373,3,0.0
transaction_970,35.80313895000309,0.0,0.0,121.83193425673997,2,customer_372,6,0.0
transaction_971,0.0,1.0,0.0,27.22151503835888,0,customer_77,0,0.0
transaction_972,49.79923450072757,1.0,1.0,126.4986718821788,1,customer_473,0,0.0
transaction_973,151.6659678167846,0.0,0.0,136.48627795719756,2,customer_309,0,0.0
transaction_974,0.0,1.0,0.0,71.336428199509,0,customer_265,5,0.0
transaction_975,65.5446254823838,1.0,0.0,39.96454215466521,0,customer_331,1,1.0
transaction_976,7.650130925697808,0.0,0.0,108.35230757827576,1,customer_396,0,0.0
transaction_977,316.2212661586601,1.0,0.0,44.65372127286059,2,customer_503,4,0.0
transaction_978,0.0,0.0,0.0,137.71418577891507,1,customer_92,6,0.0
transaction_979,90.1287557936378,1.0,1.0,159.10821112874982,1,customer_506,0,1.0
transaction_980,161.1360863864323,0.0,0.0,29.099653109490106,2,customer_501,6,0.0
transaction_981,50.063189053264644,1.0,0.0,40.830688513265926,2,customer_219,5,0.0
transaction_982,0.0,1.0,0.0,43.23415807079853,0,customer_158,1,0.0
transaction_983,53.5300765520492,1.0,0.0,144.2114893093448,0,customer_464,1,0.0
transaction_984,0.0,0.0,0.0,152.17283241896197,1,customer_70,0,0.0
transaction_985,0.0,1.0,0.0,59.233260970313694,0,customer_37,0,0.0
transaction_986,120.90590145962888,0.0,0.0,128.58545065198467,0,customer_120,6,0.0
transaction_987,55.7164598229989,1.0,0.0,42.26435803043288,0,customer_53,2,0.0
transaction_988,359.120018982946,1.0,0.0,60.799099741262964,1,customer_11,6,0.0
transaction_989,0.0,1.0,1.0,47.359147047310046,2,customer_316,4,0.0
transaction_990,0.0,0.0,0.0,28.577293422717347,2,customer_89,0,0.0
transaction_991,0.0,1.0,0.0,171.70780038370137,2,customer_298,6,0.0
transaction_992,37.66045469446813,0.0,0.0,122.64480250777333,0,customer_479,6,0.0
transaction_993,0.0,0.0,0.0,97.79177772568428,0,customer_516,4,0.0
transaction_994,0.0,0.0,0.0,157.7173637824577,1,customer_345,3,0.0
transaction_995,0.0,1.0,0.0,53.29657123231334,1,customer_430,5,0.0
transaction_996,0.0,0.0,0.0,25.54418457040068,0,customer_95,6,0.0
transaction_997,57.869794487298044,1.0,1.0,136.08751360397238,2,customer_494,4,1.0
transaction_998,167.76198280781708,1.0,0.0,93.76592820664864,0,customer_68,1,0.0
transaction_999,0.10028782476192723,1.0,0.0,48.79398746858954,2,customer_289,0,0.0
